{"IcoMoonType":"selection","icons":[{"icon":{"paths":["M992 384h-352v-352c0-17.672-14.328-32-32-32h-192c-17.672 0-32 14.328-32 32v352h-352c-17.672 0-32 14.328-32 32v192c0 17.672 14.328 32 32 32h352v352c0 17.672 14.328 32 32 32h192c17.672 0 32-14.328 32-32v-352h352c17.672 0 32-14.328 32-32v-192c0-17.672-14.328-32-32-32z"],"tags":["plus","add","sum"],"defaultCode":59914,"grid":16,"attrs":[]},"attrs":[],"properties":{"ligatures":"plus, add","name":"plus","order":3,"id":267,"prevSize":32,"code":59914},"setIdx":0,"setId":1,"iconIdx":265},{"icon":{"paths":["M877.254 621.254l-320 320c-24.992 24.994-65.514 24.994-90.508 0l-320-320c-24.994-24.994-24.994-65.516 0-90.51 24.994-24.996 65.516-24.996 90.51 0l210.744 210.746v-613.49c0-35.346 28.654-64 64-64s64 28.654 64 64v613.49l210.746-210.746c12.496-12.496 28.876-18.744 45.254-18.744s32.758 6.248 45.254 18.746c24.994 24.994 24.994 65.514 0 90.508z"],"tags":["arrow-down","down","download","bottom"],"defaultCode":59966,"grid":16,"attrs":[]},"attrs":[],"properties":{"ligatures":"arrow-down2, down2","name":"arrow-down2","order":4,"id":319,"prevSize":32,"code":59966},"setIdx":0,"setId":1,"iconIdx":317}],"height":1024,"metadata":{"name":"icomoon"},"preferences":{"showGlyphs":true,"showQuickUse":true,"showQuickUse2":true,"showSVGs":true,"fontPref":{"prefix":"icon-","metadata":{"fontFamily":"icomoon"},"metrics":{"emSize":1024,"baseline":6.25,"whitespace":50},"embed":false},"imagePref":{"prefix":"icon-","png":true,"useClassSelector":true,"color":0,"bgColor":16777215,"classSelector":".icon","name":"icomoon"},"historySize":50,"showCodes":true,"gridSize":16}}